ejercicio,algoritmo,nodos,procesos,N,tiempo_total,tiempo_comunicacion,tiempo_secencial,speedup,eficiencia
ej4,mpi-matmul,1,1,512,1.601323,0.000004,1.601323,N/A,N/A
ej4,mpi-matmul,1,4,512,0.409775,0.009381,1.601323,3.90756,0.97689
ej4,mpi-matmul,2,8,512,0.293583,0.093361,1.601323,5.45443,0.68180
ej4,mpi-matmul,1,1,1024,12.998812,0.000005,12.998812,N/A,N/A
ej4,mpi-matmul,1,4,1024,3.301078,0.039613,12.998812,3.93788,0.98447
ej4,mpi-matmul,2,8,1024,2.002957,0.372433,12.998812,6.48482,0.81060
ej4,mpi-matmul,1,1,2048,103.608182,0.000005,103.608182,N/A,N/A
ej4,mpi-matmul,1,4,2048,26.541913,0.125132,103.608182,3.90387,0.97597
ej4,mpi-matmul,2,8,2048,14.721710,1.513615,103.608182,7.04378,0.88047
